{
  "pitch_range": {
    "min": 32.0,
    "max": 96.0,
    "mean": 53.752997601918466,
    "std": 11.767103590006906
  },
  "rhythm": {
    "total_notes": 834,
    "avg_duration": 0.2779440322571878,
    "duration_std": 0.1903496098581709,
    "note_density": 4.490715682137544
  },
  "dynamics": {
    "avg_velocity": 0.4729885458946228,
    "velocity_range": 0.6151062846183777,
    "velocity_std": 0.11487223207950592
  },
  "temporal": {
    "song_duration": 185.71650022675738,
    "onset_pattern": [
      0.16,
      0.07,
      0.02,
      0.0,
      0.01
    ],
    "tempo_estimate": 67.36073523206315
  },
  "harmony": {
    "pitch_classes": {
      "C": 224,
      "C#": 1,
      "D": 184,
      "D#": 130,
      "F": 40,
      "G": 121,
      "G#": 2,
      "A": 12,
      "A#": 120
    },
    "interval_distribution": {
      "0": 805,
      "1": 9,
      "2": 16,
      "4": 2
    }
  }
}